city,NDVI,NDBI,Rainfall,Temperature,latitude,longitude,AQI,Livability
Delhi,0.3441616631521975,-0.0955936878228422,823.3936266869977,28.74482954447785,28.6138954,77.2090057,5,28.02
Mumbai,0.167598144604388,-0.0889319841154589,2804.351964072813,33.0531976241254,19.054999,72.8692035,3,49.23
Kolkata,0.2461366060601958,-0.0481299265336117,1531.5589780317086,30.613433073687133,22.5726459,88.3638953,2,46.43
Chennai,0.1243763084479169,-0.0351996766789385,1921.1193244973565,34.42462656318423,13.0836939,80.270186,1,47.29
Bangalore,0.2027070507376561,-0.0381835627946041,907.9330219695528,30.857091013724244,12.9767936,77.590082,3,30.44
Hyderabad,0.242695820851026,-0.0137163272065551,747.2525213579796,33.04441182475142,17.360589,78.4740613,2,34.43
Ahmedabad,0.1930247237947547,0.0044336805346972,804.7749375935692,33.671339814096655,23.0215374,72.5800568,3,27.17
Pune,0.3058562140053369,-0.016089603007033,752.9983088181749,33.007585104029545,18.5213738,73.8545071,3,31.47
Surat,0.2861104304820545,-0.0674156456130755,1188.7036951900566,33.61907471072061,21.2094892,72.8317058,3,37.09
Jaipur,0.2877675897223166,-0.0146517527778903,626.9776516023782,30.12003709263325,26.9154576,75.8189817,4,24.24
Lucknow,0.2731938745427637,-0.0434410167473198,926.307993104234,31.086321968892264,26.8381,80.9346001,4,29.7
Kanpur,0.2948764684417173,-0.0656582553994082,685.5402021232132,30.46781541495966,26.4609135,80.3217588,4,26.89
Nagpur,0.2962768045663942,-0.0029051923123603,1303.809742389131,33.46665355271102,21.1498134,79.0820556,3,36.47
Indore,0.2866603820062792,-0.038157691246215,1082.6468362969165,33.19615432221252,22.7203616,75.8681996,3,35.5
Bhopal,0.3096924432421423,-0.0529893511568712,1095.1066719789667,30.94850780830967,23.2584857,77.401989,3,37.33
Patna,0.2558965747552235,-0.0576432519100148,898.653806913554,30.959718345475324,25.6093239,85.1235252,4,28.25
Vadodara,0.3008566908977959,-0.0407584726355392,903.8274035226466,33.88214776058379,22.2973142,73.1942567,3,32.82
Visakhapatnam,0.503807495028928,-0.1560851996312749,791.9184323778793,31.26526255403718,17.6935526,83.2921297,1,54.14
Ludhiana,0.2948243867969868,-0.0802283686630893,921.508612471751,29.28027449187892,30.9090157,75.851601,4,30.61
Agra,0.2913433593443463,-0.0529052963995063,666.7239831336682,30.555935150826546,27.1752554,78.0098161,5,23.77
Nashik,0.3247274153385721,-0.0362486115437334,702.7779303815989,33.69340614695017,20.0112475,73.7902364,4,27.24
Faridabad,0.3329020619371113,-0.0712814087668022,788.1418037955573,29.38333945052773,28.4031478,77.3105561,5,26.29
Meerut,0.3693971609200278,-0.0998214235811062,1014.8985910352038,28.888527110121345,29.0018557,77.7679671,5,32.76
Rajkot,0.25153639142431,-0.0300075793708264,837.8456195793534,35.12282800959599,22.3053263,70.8028377,3,29.78
Varanasi,0.2963090261050493,-0.0610103727956975,785.4048512645146,31.221663683133784,25.3356491,83.0076292,3,32.7
Srinagar,0.3162941732773175,-0.1487145687931209,669.2412683463128,21.39001792829617,34.0747444,74.8204443,3,36.97
Aurangabad,0.319875523871692,-0.0416356549373953,848.1255885390257,34.483226215232776,19.877263,75.3390241,4,27.8
Dhanbad,0.331035507415271,0.0139449488052567,1135.9692720793705,32.00412860236952,23.7952809,86.4309638,4,32.89
Amritsar,0.380169605057869,-0.1334481100957621,1141.1163763075103,28.461814993115127,31.6356659,74.8787496,4,39.91
Allahabad,0.2569468976181636,-0.0299738710187132,748.4569856297747,31.025991187681484,25.4381302,81.8338005,3,30.29
Ranchi,0.276596349757074,0.0327094019185632,1139.4765920890331,31.04804010043585,23.3700501,85.3250387,3,31.74
Howrah,0.2679530451386834,-0.0553714357531379,1562.3733265291116,30.552611735591768,22.5736296,88.3251045,2,47.4
Coimbatore,0.2676385773721002,-0.0059972754298471,717.7761375908849,34.5885964465316,11.0018115,76.9628425,3,28.65
Jabalpur,0.4000330777359717,-0.0785730138833837,1146.3092173997677,31.068829361802216,23.1701522,79.9324505,3,42.41
Gwalior,0.327637024485919,-0.0179386710008649,807.4982240913613,31.289805990489867,26.2037247,78.1573628,3,33.5
Vijayawada,0.344185769943757,-0.105537148982414,976.928476824299,33.15250427156127,16.5115306,80.6160469,1,49.6
Jodhpur,0.2403130547510724,0.0124273384493161,511.388213433382,32.686196573061125,26.2967719,73.0351433,4,20.93
Madurai,0.3679208976687506,-0.0973297491493614,1016.2425250312834,34.193992488391416,9.9261153,78.1140983,3,39.31
Raipur,0.2893427191885168,-0.0418773053427,1428.567838241718,33.04011694795139,21.2380912,81.6336993,2,44.93
Kota,0.2801757872989933,-0.0102443014392403,649.0780669423635,32.07863402438426,25.1737019,75.8574194,3,29.24
Guwahati,0.3218670080580729,-0.1008645879831223,1429.2358461569202,27.41803829979301,26.1805978,91.753943,3,44.33
Chandigarh,0.4025198016786753,-0.1015366382312498,1372.259287730896,27.97101614260839,30.7334421,76.7797143,4,41.99
Solapur,0.4315781062166927,-0.119950998845801,567.2599269823829,34.27874930476452,17.8499067,75.2763203,3,40.56
Hubli,0.3165312689107122,0.065079018784995,512.8453476799247,35.39179046643778,15.3518378,75.1379848,3,25.32
Mysore,0.3322615449532856,-0.0481991697941527,669.3903414798812,32.52326513078248,12.3051828,76.6553609,4,27.77
Tiruchirappalli,0.3561511089764517,-0.0643553548649893,1085.391008450157,34.35536331968194,10.8071144,78.6880939,2,46.75
Bareilly,0.4028927391452202,-0.0935011685015511,1088.4652802774988,28.809117126954103,28.4582345,79.4047452,5,34.54
Aligarh,0.345544465576868,-0.1074399307853178,833.8559733821772,29.317688444221915,27.8761073,78.1358153,5,28.58
Tiruppur,0.2519145463110231,0.0083341521153083,649.9237339966935,36.96282994705268,10.7915267,77.5325466,4,21.34
Moradabad,0.4096122299183631,-0.1086013459978783,1155.8658706376093,27.70001899498294,28.8796553,78.8095335,5,36.38
Jalandhar,0.3802601854066684,-0.1121323533844404,998.2796388470188,28.28092363804785,31.2922312,75.5678878,4,37.73
Bhubaneswar,0.3905469011657999,-0.069587759946918,1425.2714107967051,31.470941062280303,20.2602964,85.8394521,2,50.5
Salem,0.2239216245533919,-0.2231961063977955,936.4027843563608,19.94931561968337,11.6469616,78.2106958,2,49.61
Warangal,0.3874981865891385,-0.0789235912496827,968.9282648775288,32.777361209195305,17.9820644,79.5970954,1,49.82
Guntur,0.3696357060484814,-0.1244342000591264,1004.9428798256052,34.59661549011673,16.2915189,80.4541588,1,50.62
Bhiwandi,0.3061721084901916,0.0004325608669546,2324.9948881547843,34.752289234038074,19.3025562,73.0588072,3,46.33
Saharanpur,0.4029243811768824,-0.1425302750814184,1568.222004201012,27.349692840056434,29.9856799,77.5040646,5,42.71
Gorakhpur,0.296410841758625,-0.0933852618879165,961.36801937784,30.28199306084383,26.6677977,83.3642334,5,28.94
Bikaner,0.163094433365943,0.0667555397280253,610.8528821150375,35.822466437049854,28.0159286,73.3171367,4,16.3
Amravati,0.4497420136244119,-0.1462989539254464,1087.037319205336,35.81582402741901,21.1545412,77.6442962,3,44.52
Noida,0.2787852169944331,-0.0730919464344941,839.057709921706,28.96480009906361,28.5706333,77.3272147,5,25.61
Jamshedpur,0.3482645836809013,-0.055045611449858,1216.8957210685053,30.867692607374465,22.8015194,86.2029579,3,40.27
Bhilai,0.2804513770622112,-0.0185017403641547,1347.0037368225803,32.82262683292407,21.2120677,81.3732849,2,43.15
Cuttack,0.3192617458285903,-0.0548387924300024,1375.9905144598868,30.866368012242617,20.4686,85.8792,2,47.1
Firozabad,0.3198111753689568,-0.0682176022218061,757.4886672692517,30.30107494651133,27.1941954,78.4604956,5,24.89
Kochi,0.0921096940282212,-0.0853807970400146,3077.9250332515967,31.60922768370989,9.9679032,76.2444378,2,55.19
Nellore,0.3224497129781539,-0.086939970743552,981.277095911954,33.34505061408851,14.4493717,79.9873763,1,48.3
Bhavnagar,0.149257809713645,-0.0444259364024636,671.6913152020825,34.49312519103921,21.7718836,72.1416449,3,28.46
Dehradun,0.4554566687661618,-0.1408015569353431,2173.589926732528,26.12985686646136,30.3255646,78.0436813,5,49.89
Durgapur,0.3851203028530925,-0.0672228529537755,1336.2281287618198,30.501442737233106,23.5350475,87.3380425,4,39.21
Asansol,0.3753572101492982,-0.0361904067617182,1362.2702807989294,30.95961325106566,23.6871297,86.9746587,4,38.35
Rourkela,0.3082085137631754,-0.0149567008080195,1279.7577168737878,31.327053098293504,22.2309255,84.8678705,3,38.05
Nanded,0.4389139698888415,-0.0948891571911463,1056.7686788055162,34.52151141579577,19.0942729,77.4832628,3,42.59
Kolhapur,0.3885704840284469,-0.0856758444074279,664.9354761677449,33.91661468996563,16.7028412,74.2405329,3,36.77
Ajmer,0.3275046370918029,0.0096851512574055,938.8260343967604,30.063426349427687,26.4691,74.639,3,34.15
Akola,0.363538072578868,-0.0701785730774736,899.233522152648,36.01768126187363,20.7618123,77.1921157,3,36.83
Gulbarga,0.2865038745127077,-0.0288834977499745,752.8831180307195,37.14280240008827,17.3310003,76.8334228,3,29.14
Jamnagar,0.2405358651725622,-0.0709512336656034,677.3724105018076,33.22637609144158,22.4732415,70.0552102,3,30.37
Ujjain,0.3968761325678558,-0.1410390377720783,1115.0277767421576,32.58216080111316,23.1885131,75.7716562,3,43.53
Loni,0.44708650236706,-0.1770299610067658,924.1848013103707,33.47580177386038,21.2752308,76.1606744,3,43.7
Siliguri,0.4475225086548934,-0.0736979361392018,2371.1036746022733,28.423160795379147,26.7164127,88.4309916,5,48.68
Jhansi,0.3613017713759371,-0.097273111671875,850.9103122919857,31.14523949974665,25.529855,78.6527802,3,38.35
Ulhasnagar,0.3102187895823667,-0.0026051832116691,2210.9383910172687,35.15729128107114,19.2236329,73.1671515,3,46.31
Jammu,0.404661601101522,-0.1212344114845452,1590.1979159735615,26.879427481957293,32.7185614,74.8580917,3,49.71
Sangli,0.3378613129960022,-0.0354085371456799,583.3501062537302,34.88071457261998,17.1726928,74.5867654,3,30.71
Mangalore,0.1578074844972538,-0.1163861526026209,3079.830141971064,31.61245198001984,12.8698101,74.8430082,2,58.87
Erode,0.4680390403966915,-0.1380146291799373,959.222943118639,32.75728751654259,11.4905282,77.3505274,3,44.81
Belgaum,0.3735432254355472,-0.0611049990876378,948.1160173655932,33.87918360851501,15.8572666,74.5069343,3,38.1
Ambattur,0.2666274098285719,-0.0647861733768604,1803.014239008745,33.38053294958286,13.1193746,80.1507648,1,52.51
Tirunelveli,0.28238698222822,-0.0182320557702419,1399.672038325794,35.15262412761939,8.5495014,77.5805178,2,42.97
Malegaon,0.2875581975667481,-0.0367053920949207,664.8118250231729,36.7515223667113,20.5576062,74.5246514,3,29.07
Gaya,0.3347324410310484,-0.0519889403415957,858.2748820394271,31.857556405758203,24.7964355,85.0079563,3,34.84
Jalgaon,0.3597901237775216,-0.0584319557726202,772.9654678380045,35.7456335740423,20.8428827,75.5261246,2,40.01
Udaipur,0.3425346448725511,-0.0104333753795868,935.3865666410832,30.176129463513405,24.578721,73.6862571,3,35.19
Maheshtala,0.3796583169069855,-0.1271048816731547,1622.3910665173426,29.4845304013553,22.5060294,88.2501665,2,54.62
Davanagere,0.4732783356314677,-0.1484153781296575,461.8609772859984,30.79955877878234,14.2558835,75.8303421,3,43.0
Kozhikode,0.1835784638376559,-0.109461746671294,2505.8939567574585,30.950528817658665,11.2450558,75.7754716,2,55.46
Kurnool,0.2846653118877286,0.0300158971366804,610.9449459010802,37.38501963685792,15.8309251,78.0425373,2,31.69
Rajpur,0.2893427191885168,-0.0418773053427,1428.567838241718,33.04011694795139,21.2380912,81.6336993,2,44.93
Rajahmundry,0.331157076956661,-0.1468362940551897,956.0730707406424,31.110921861366933,17.0050454,81.7804732,1,49.85
Bokaro,0.3654887582539846,-0.0123713536413836,1101.0225162151503,31.530475012455383,23.699128,85.9910689,3,38.76
South Dumdum,0.2762038389011104,-0.0648956987282598,1494.077359598071,30.262955455715144,22.6180871,88.412251,2,47.96
Bellary,0.277168348907006,0.0131503977392917,380.8244541644288,36.36154426689569,15.1430224,76.9173277,3,23.47
Patiala,0.4381213098230047,-0.2217380542047384,937.668222518126,28.292796031314992,30.2092778,76.3397231,4,43.43
Gopalpur,0.2698414000819184,-0.0993561190717034,1468.186060741149,29.2845538465441,25.3094638,87.2078731,4,42.09
Agartala,0.3838829453942686,-0.152683252758014,2177.7197769819004,28.77989280244742,23.8312377,91.2823821,2,60.81
Bhagalpur,0.2595721448540538,-0.1037512490876666,1392.5241713813325,29.53702864744662,25.2861354,87.1304229,4,37.92
Muzaffarnagar,0.3858784815045389,-0.1189626965090083,1324.5971588458783,28.028014399248548,29.4496979,77.7429333,5,36.66
Bhatpara,0.4222192280336634,-0.1403897222371401,1427.820977370949,29.02240457570025,22.8464418,88.3856781,2,55.13
Panihati,0.3338761097125741,-0.0879180318464937,1501.877130959344,29.715506054089985,22.6950342,88.4073585,2,50.75
Latur,0.3860167954740417,-0.109379400118192,986.7981432873806,35.452709960129994,18.3553347,76.7548997,3,39.57
Dhule,0.2470870102936211,0.0050238399212979,643.2869030307745,37.41894017399733,21.1305215,74.4900614,3,24.83
Rohtak,0.3393222455747986,-0.0936547956959176,647.584905290986,28.87027518647028,28.9010899,76.5801935,5,25.93
Korba,0.380988823336547,-0.0370317108807912,1432.0760907179538,30.30951066849144,22.5198217,82.6350029,3,42.59
Bhilwara,0.3359723287477634,0.0483038120388319,803.8030711501829,32.416040457225506,25.470994,74.6961316,3,30.94
Berhampur,0.5137607635917801,-0.1222388236417033,1499.022919572586,29.37807782715373,21.4930852,86.6327298,2,54.95
Muzaffarpur,0.3871544718675638,-0.1131030932048762,900.4848696643165,30.052839599106107,26.1482548,85.3316097,5,32.06
Ahmednagar,0.2963826627414154,-0.0051615720621042,597.3005936057822,35.08346767672185,19.1627725,74.8580243,4,24.44
Mathura,0.2928800596164751,-0.0731831936962508,645.5522328468351,29.5926688277828,27.4955539,77.6855554,5,23.44
Kollam,0.1466129663528977,-0.166061182084342,2918.56586552893,30.16450703493456,8.8870533,76.5906696,2,61.61
Avadi,0.317290673763307,-0.0851370757213398,1737.342837084845,32.840510117722204,13.1194809,80.1026704,1,53.02
Kadapa,0.3319795681997322,-0.0411758186885027,671.4255531793442,35.460198788748755,14.4752936,78.8216861,2,36.38
Kamarhati,0.3082368551209538,-0.081512048660866,1513.983220642932,30.01391845756484,22.6810246,88.3715343,2,49.83
Sambalpur,0.404042843917696,-0.0573855734802164,1642.1404716696888,30.61640567245644,21.5570606,84.1528515,3,47.79
Bilaspur,0.3449774667832095,-0.0669192709575096,1415.3046685434226,31.876569407942554,22.1638486,82.1365923,3,43.6
Shahjahanpur,0.3993202792008981,-0.0986077179840788,970.6871709406174,29.83760782726273,27.9128583,79.7476254,5,32.84
Satara,0.3300523756071012,-0.0324930231589871,758.4662318191707,35.04920869491576,17.6361289,74.2982781,3,31.79
Bijapur,0.496027629726848,-0.0515135523053587,1132.2766612331252,30.651594228356142,18.7935679,80.815939,2,50.96
Rampur,0.4360608161336676,-0.1531967301695493,1286.6777474155574,27.68177448644872,28.7934728,79.1845806,5,41.0
Shivamogga,0.4439039249563428,-0.0711631536184727,693.0503976377986,31.574497988237223,13.9326093,75.574978,3,39.98
Chandrapur,0.4725573664997644,-0.0215542234640645,1518.220100154031,30.93453680894902,20.0967555,79.5045475,2,51.37
Junagadh,0.4353515246574711,-0.0621298208698418,910.7287079678936,33.01116200137312,21.5220416,70.4582458,3,40.57
Thrissur,0.4085566833567542,-0.203888790672573,2425.087632361857,31.67405931516032,10.5270099,76.214621,2,61.23
Alwar,0.3464151782015749,-0.0686050850858828,765.1979394332596,30.84269469078407,27.4140049,76.6170387,5,26.16
Bardhaman,0.3681951654310772,-0.1019710035709703,1209.3587789830788,29.69157671138112,23.2495714,87.8681751,3,42.39
Kulti,0.357018882818989,-0.0306890044856503,1311.3449902200482,30.42409536041453,23.7302149,86.8396711,4,36.85
Nizamabad,0.4106193394825475,-0.0944859706875988,1229.4984514456442,31.21431865986449,18.6732693,78.0978477,2,50.55
Parbhani,0.4035625096121922,-0.0835007910336061,876.942331277579,35.77741022844617,19.2901981,76.6026443,3,38.17
Tumkur,0.3987517655130795,-0.0971475585781709,687.931576640719,30.03047243934349,13.3400771,77.1006208,3,38.51
Khammam,0.3803478265935164,-0.0556370965112585,1014.939402560704,33.41233526728928,17.2465351,80.1500326,1,48.77
Ongole,0.2977891807979116,-0.0425261412268906,723.6032045236518,35.75137272454856,15.5058714,80.0499454,2,35.95
Karimnagar,0.2852099208282659,-0.0801457477073005,1051.064923454814,31.385817323916285,18.4348122,79.1328042,2,44.71
Sagar,0.3788817787423155,-0.0408129109263834,929.6035261301676,32.03938900401778,23.8083076,78.758254,3,37.99
Khandwa,0.2997429776048037,-0.0437537419864582,1176.0879819152642,33.88758895607293,21.9769779,76.5675344,3,36.85
Dindigul,0.43608860251602,-0.1158094901821717,1178.2521878665673,32.617299524221494,10.4256897,77.815664,4,41.16
Panipat,0.3356875595361399,-0.1219594058020042,883.1558208380194,28.959964270286548,29.3912753,76.9771675,5,30.05
Darbhanga,0.3465175353065057,-0.0715960247224935,1096.7298325046115,30.13569819205162,26.08299,86.0324951,5,32.62
Bally,0.3923897982529926,-0.2440602867405021,1118.7295601808016,17.288921492837687,22.6469581,88.343612,2,59.2
Aizawl,0.601639606500212,-0.2352873600949645,2216.896626661777,25.47563477174407,23.7277631,92.7179947,2,64.23
Dewas,0.3819571688888908,-0.103687357146272,1161.9534647897815,33.697006591264085,22.8057498,76.2940408,3,41.62
Ichalkaranji,0.4156941443237571,-0.0999021105681044,507.4804568347992,34.19451875066659,16.6959348,74.4555755,3,37.29
Tirupati,0.4311315492637683,-0.1208465834213639,1013.67341608245,32.11714303945513,13.6316368,79.4231711,2,50.3
Karnal,0.3543329454324761,-0.1728865067993783,948.8189554508248,28.134965563095363,29.7255766,76.9106924,5,34.72
Bathinda,0.4271281124865244,-0.1525367694607639,640.9613203878664,28.78004035918542,30.1794814,75.0471098,3,42.67
Jalna,0.3295498489344702,-0.0409894605957792,674.3646947775446,35.854646826180215,19.918833,75.8708599,3,31.36
Eluru,0.3759351440709509,-0.1671338820111549,954.634810852462,31.38547175291251,16.7104257,81.1153816,1,51.03
Barasat,0.4607306472639292,-0.1504023025398133,1501.6133307722996,28.959519653041355,22.7191072,88.4826229,2,58.67
Purnia,0.4084460223719133,-0.1266497490701305,1693.253887743789,29.157788947207564,25.7758723,87.4087667,4,47.43
Satna,0.369633251449189,-0.0503123668945752,807.2248480022552,32.2533817545073,24.6954445,80.7770348,3,37.03
Mau,0.3059519349912232,-0.0662898507929167,859.5933767743401,30.631372936396417,26.0390905,83.4985846,5,25.31
Sonipat,0.3463884303320555,-0.1117978421150664,751.4475686047061,28.602199564049783,28.9953758,77.0233627,5,28.28
Farrukhabad,0.3832293800283246,-0.1177158109836575,1021.3302261592008,29.355346530114275,27.4362003,79.4894778,5,33.06
Srikakulam,0.4054145468209146,-0.0639818948914984,892.5955323916654,32.98429888842014,18.2949307,83.8938844,2,43.41
Rewa,0.3849132755137063,-0.0671311765545576,772.0208795793907,31.166606436942345,24.7560846,81.3810574,3,37.79
Imphal,0.2904369619115423,-0.0241161174980589,1169.6320249238354,27.725573434001035,24.7991162,93.9364419,2,43.84
Ratlam,0.4179244409067651,-0.1329318816974992,1214.2226283930654,33.427477288545504,23.5022201,74.9551534,3,44.55
Hapur,0.4201383556265951,-0.1336035885455775,1013.516470991114,28.42982685197188,28.7166767,77.890433,5,36.09
Arrah,0.3440892274233286,-0.1112152732278424,709.4012220992869,31.93692780552618,25.560317,84.6632139,4,29.17
Anantapur,0.2826363394605165,0.0166367462496921,452.4980589007152,35.82968832562182,14.6783221,77.6065039,3,24.48
Karur,0.3006812408054101,0.0154331750854383,919.11908946783,35.768827586626,10.8217671,78.3828654,4,26.9
Etawah,0.3888017390838231,-0.1150860418513425,910.3833210510352,29.16839644792748,26.7155629,79.0917098,4,37.17
Ambala,0.3669038384069686,-0.1476557801147348,1236.6782336219164,27.94516137293192,30.3843674,76.770421,4,40.91
North Dumdum,0.3214128036698803,-0.0805394360227825,1499.4903723489124,29.91930203899136,22.6660837,88.4211986,2,49.95
Bharatpur,0.3161858755440732,-0.0527776090099203,692.815418879012,31.26043985072681,27.0246959,77.2920116,5,23.74
Begusarai,0.3855352745201382,-0.0979393885968987,1094.0327942605788,30.859900750185147,25.5125411,86.0883392,4,38.18
New Delhi,0.3441616631521975,-0.0955936878228422,823.3936266869977,28.74482954447785,28.6138954,77.2090057,5,28.02
Gandhidham,0.1502148143285744,-0.0280210180666629,531.8447988872973,33.962248327356065,23.0718743,70.131715,3,26.13
Baranagar,0.2812058268509648,-0.0611382315948684,1512.7538302574228,30.32238980820682,22.6530765,88.3805962,2,47.73
Tiruvottiyur,0.1205544339175819,-0.0436338299307595,1816.880981680929,34.03602713604431,13.1563873,80.3005279,1,47.27
Pondicherry,0.2599683625152307,-0.0651075474849215,1655.8339946429749,33.35696199439923,10.9156489,79.8069488,1,51.61
Sikar,0.3040185136663445,0.0067145277427497,583.1558632609604,31.5704597617542,27.6624156,75.0279971,4,24.14
Thoothukudi,0.2197410527433432,-0.0049810960627679,921.2245801822291,38.87418143898952,8.8457035,77.9938178,2,33.15
Rewari,0.2987000995943679,-0.0530275622314169,613.1762548833009,30.819984222063283,28.1956468,76.6165179,5,22.14
Mirzapur,0.2845984705959355,0.023068301805922,815.8120191060731,32.706271144965115,24.9316896,82.6280163,3,29.21
Raichur,0.3974524304851959,-0.0728973858750727,551.7230526760886,34.1088160629991,16.0547194,76.9003647,3,35.63
Pali,0.2480022422814999,0.0889338226596797,640.3929950799751,34.804641231482435,25.4552211,73.419389,4,18.71
Ramagundam,0.3244650166499961,-0.0431816660600435,1169.9053257870617,32.36362236695555,18.7615156,79.4787848,2,44.64
Haridwar,0.3987645296321945,-0.1359883162104469,1645.1280382193454,28.145639371445043,29.9123514,78.0087178,5,42.93
Vijayanagaram,0.4159009128093632,-0.0647279290646271,1008.8983516084904,33.15726407069849,18.1141255,83.4114389,2,47.36
Katihar,0.438507271411767,-0.1474614829971384,1739.3086123537796,28.725865823269828,25.5586421,87.6457196,4,49.0
Nagercoil,0.4584853817124586,-0.180292050320997,1053.050350971632,31.166904655454744,8.1839904,77.4315437,2,54.02
Sri Ganganagar,0.273625929223117,-0.0293926715388342,295.2663291930742,31.72973420794944,29.4605539,73.5850528,4,21.73
Karawal Nagar,0.2674775860237165,-0.0614798883760894,866.5248053386027,28.876254183070216,28.7311406,77.2747898,5,25.24
Mango,0.5076188240237063,-0.1419150089747834,542.5704253891276,20.091036323705964,23.5736106,88.2283548,3,48.53
Thanjavur,0.4521991057538885,-0.1824382704633827,1377.5726930684782,31.752645345641497,10.659037,79.2014278,1,59.77
Bulandshahr,0.4107650938033846,-0.1411996681639055,943.6277053172352,28.40311582123116,28.3874073,77.9743805,5,35.4
Uluberia,0.4330859453521571,-0.1858724237690293,1610.289708977636,28.17603027526468,22.4700318,88.1011108,2,60.02
Murwara,0.3595702268140172,-0.0186248837145866,949.5730476780654,31.68060837871616,23.8339621,80.392456,3,37.33
Sambhal,0.3714482786418461,-0.0805421195930759,1074.5641433901735,28.990394850115702,28.4271928,78.5564546,5,32.5
Singrauli,0.3717662808322651,-0.0180277573084689,784.61613532882,31.153587575106485,24.2431343,82.3827672,3,36.62
Dubai,0.0953312148618919,0.020653480493935,80.16730103129521,40.16244444444448,25.0742823,55.1885387,3,8.12
Abu Dhabi,0.1944306315266036,-0.055978898007034,31.493712209165096,35.09177777777779,24.4538352,54.3774014,4,11.9
Sharjah,0.0430129656307882,0.0766988522499544,55.10119125247002,36.58333333333337,25.2797555,56.2775651,4,3.26
Ajman,0.0465864410818539,0.0675159235668789,82.3794154021889,44.3055555555556,25.332875,55.9960073,3,4.46
Al Ain,0.0618955512572533,-0.0421165025507177,39.90749877085909,37.6611111111111,24.2248697,55.7452211,5,3.38
Fujairah,0.055607564126568,0.1256203473945409,56.791319833137095,37.7308888888889,25.4147357,56.2313667,4,1.29
Umm Al Quwain,0.0741687979539642,0.1184619259508017,76.75875737518072,44.417111111111126,25.5144944,55.718292,3,3.64
Los Angeles,0.1279620853080568,-0.0214592274678111,202.05315637006424,32.24644444444448,34.0536909,-118.242766,3,17.46
Chicago,0.0512510088781275,0.0045854031333588,881.796321290478,15.267674418604711,41.8755616,-87.6244212,3,27.27
Houston,0.0459037996925104,0.027766435279706,872.683244603928,30.394761904761936,29.7589382,-95.3676974,3,23.35
Phoenix,0.017672470218615,0.0039718129404228,191.6304158829153,36.9454545454546,33.4484367,-112.074141,2,15.35
San Francisco,0.0236445169180595,-0.0062111801242236,246.2679533809424,24.06377777777783,37.7879363,-122.4075201,2,23.83
Seattle,0.1054401582591493,-0.0035919540229885,803.7844897508621,15.664054054054075,47.6038321,-122.330062,1,35.93
Boston,0.110762331838565,-0.0440463645943098,1009.5040147468936,18.18911111111117,42.3588336,-71.0578303,3,31.51
Miami,0.0386296102080055,0.0008407600470825,1402.182043850422,32.431818181818244,25.7741566,-80.1935973,2,35.23
Dallas,0.0585115785752165,0.0540284360189573,845.6558035813105,29.32318181818181,32.7762719,-96.7968559,3,22.45
Atlanta,0.0385674931129476,0.0306703397612488,1239.6555343878351,25.463333333333367,33.7544657,-84.3898151,3,28.91
Denver,0.1644009425412362,-0.0541516245487364,365.5891431001471,24.72200000000004,39.7392364,-104.984862,1,34.21
San Diego,0.0460193281178094,0.0013181019332161,218.7793897297233,27.621363636363697,32.7174202,-117.162772,2,23.02
Las Vegas,0.0379559887756609,-0.0144341801385681,73.8126046587713,33.12590909090909,36.1674263,-115.1484131,2,14.99
San Jose,0.0480557593543653,-0.0054548653879992,212.74131811317056,29.20155555555561,37.3361663,-121.890591,2,22.4
Toronto,0.0541772151898734,0.0429786256033095,848.614484737856,16.736666666666736,43.6534817,-79.3839347,2,34.39
Vancouver,0.2056897719575525,-0.0501474926253687,1251.7286586165428,16.623333333333335,49.2608724,-123.113952,1,51.38
Montreal,0.0407897187558204,0.0229061024654659,1144.8153858801347,12.813333333333333,45.5031824,-73.5698065,2,34.15
Ottawa,0.1974193548387096,-0.0308820262163963,865.1723933409521,13.080454545454586,45.4208777,-75.6901106,2,41.61
Paris,0.1335160532498042,-0.0226068527022253,556.5278964516764,20.606363636363653,48.8534951,2.3483915,2,34.93
Madrid,0.0666905059896298,0.0838452088452088,480.9240102747326,25.0266666666667,40.416782,-3.703507,1,30.86
Rome,0.1154111955770559,0.0408082408874801,580.4851239042757,25.03727272727275,41.8933203,12.4829321,3,24.65
Barcelona,0.055473735886107,0.1297895304910955,449.15905748307705,23.42395348837215,41.3825802,2.177073,3,19.54
Vienna,0.0366681756450882,0.0501866445458316,461.3281560540199,20.6639534883721,48.2083537,16.3725042,2,30.33
Budapest,0.4860941052999825,-0.1870895626659214,501.4874717601997,21.52674418604653,47.4813896,19.1457723,2,51.41
Zurich,0.0542841937200638,0.0954337899543379,960.8389284908772,19.024418604651203,47.3744489,8.5410422,2,33.02
Athens,0.1166792452830188,-0.0146756274859415,1160.6630866274145,24.804883720930263,33.9597677,-83.376398,2,40.89
Doha,0.0307098197866862,0.015371102327624,31.136806181631982,35.174444444444475,25.3108807,51.5081812,4,5.22
Riyadh,0.0438118811881188,0.0844550586191923,74.55615784041584,41.74333333333334,23.333333,45.333333,2,10.13
Jeddah,0.0402071691427013,0.0442078897933625,72.15045373514295,37.49311111111115,21.5504432,39.1742363,3,6.49
Kuwait City,0.0496083550913838,-0.0195652173913043,72.69429028593004,28.567777777777792,29.3796532,47.9734174,5,7.3
Muscat,0.0493906350224502,-0.0044512663085188,58.9180146753788,33.48363636363638,23.6123628,58.5938134,4,7.07
Manama,0.0544184926559113,0.0311946902654867,36.96429503912805,32.77355555555556,26.2235041,50.5822436,4,6.03
Tel Aviv,0.1260940919037199,-0.0450564792486356,520.4686912894249,26.314888888888905,32.0852997,34.7818064,3,26.84
Tokyo,0.0138357374153665,0.0023174971031286,1679.0875378984492,23.042682926829286,35.6768601,139.7638947,3,37.38
Osaka,0.0284629981024667,-0.0284629981024667,1188.8630936816337,23.75857142857143,34.6937569,135.5014539,3,31.58
Seoul,0.1567272727272727,-0.0090404440919904,1750.7365479767325,19.292857142857144,37.5666791,126.9782914,3,43.49
Beijing,0.1161750314553334,-0.0602921646746347,572.9704426699318,20.82772727272732,39.9057136,116.3912972,3,29.73
Shanghai,0.257674092264515,-0.0903284671532846,1000.0508575464426,24.48809523809524,31.2312707,121.4700152,4,33.4
Hong Kong,0.536676902081201,-0.1767472240365774,1944.7693922519684,26.47451612903228,22.3492155,114.1857978,3,59.18
Bangkok,0.1594270955623385,0.0518433179723502,1963.442427158356,36.02304347826089,13.7524938,100.4935089,2,41.13
Singapore,0.8470809792843691,-0.2884918549658434,2753.661528468132,29.638695652173965,1.357107,103.8194992,1,84.22
Kuala Lumpur,0.0894874022589053,0.0772626931567329,3119.3392716646194,35.07400000000007,3.1516964,101.6942371,2,41.76
Jakarta,0.3081924577373212,-0.0611814345991561,1708.1879690443166,37.345294117647086,-6.1754049,106.827168,1,49.46
Manila,0.4479945615227736,-0.0714285714285714,1917.243476241827,36.10333333333335,14.5904492,120.9803621,2,54.69
Hanoi,0.1614512471655328,-0.04,1529.3281359672546,29.17272727272729,21.0283334,105.854041,2,43.74
Ho Chi Minh City,0.073296627666896,0.0363046500849683,2040.7555924654007,33.90238095238101,10.7755254,106.7021047,2,40.09
Taipei,0.1430393198724761,-0.0088163571562558,1880.805086955428,32.670769230769224,25.0375198,121.5636796,3,44.97
Sydney,0.0498768472906403,-0.0070880094506792,1971.3068342879408,21.809069767441883,-33.8698439,151.2082848,1,46.25
Melbourne,0.0505219206680584,0.0491307634164777,750.7080500006246,21.50200000000001,-37.8142454,144.9631732,1,34.44
Brisbane,0.4469158449896813,-0.2307392237175736,1495.0704392725602,23.65585365853661,-27.365991,152.948963,1,60.9
Perth,0.2961828944682588,-0.1593938287383604,735.1400915458798,23.62600000000004,-31.9558967,115.8605784,2,46.01
Adelaide,0.0942083022619935,0.0065447980139923,553.5184748478932,24.735909090909104,-34.9281805,138.5999312,1,34.54
Cairo,0.121722521271054,-0.0150848522941546,15.883241751871536,29.25622222222222,30.0443879,31.2357257,2,18.57
Cape Town,0.2757123985657671,-0.1162483487450462,666.2093738177641,24.338444444444463,-33.9288301,18.4172197,1,45.36
Johannesburg,0.0100656455142231,0.0544858664481769,822.4389208788052,25.206888888888955,-26.205,28.049722,3,22.13
Nairobi,0.1943268416596105,0.0100017546938059,590.5187577009201,29.61615384615385,-1.2890006,36.8172812,1,34.9
Lagos,0.0396361273554256,0.0879726391791753,1461.655747398734,32.10538461538465,6.4550575,3.3941795,1,36.24
Accra,0.1277021617293835,0.0543806646525679,962.057353168726,35.31882352941176,5.5571096,-0.2012376,1,36.34
Casablanca,0.0560409119965906,0.03203125,256.01976555370493,26.652222222222235,33.5945144,-7.6200284,1,25.81
Addis Ababa,0.0934143870314083,0.0142491779320423,1134.4665713310242,30.47200000000004,9.0358287,38.7524127,3,28.87
Sao Paulo,0.0316654580613971,0.0928799149840595,1038.8518611720947,28.32853658536584,-23.5506507,-46.6333824,2,29.58
Rio de Janeiro,0.1438712730714623,0.0102375102375102,1580.813161700964,30.117999999999995,-22.9110137,-43.2093727,1,43.47
Buenos Aires,0.0360057609217474,0.1290192385308758,695.8569045702934,21.48555555555555,-34.6095579,-58.3887904,1,31.94
Santiago,0.0294388224471021,0.0280130293159609,213.46727735426973,27.163636363636385,-33.4376995,-70.6510671,1,24.95
Lima,0.0158013544018058,0.017077045274027,19.525061052292585,35.268709677419395,-12.0459808,-77.0305912,1,12.27
Bogota,0.2051449749291476,-0.0647149460708782,1209.4783437582664,24.995454545454606,4.6533817,-74.0836331,2,44.98
